{
  "project_info": {
    "project_number": "320893840312",
    "project_id": "wellbeing-b147a",
    "storage_bucket": "wellbeing-b147a.appspot.com"
  },
  "client": [
    {
      "client_info": {
        "mobilesdk_app_id": "1:320893840312:android:cf33f4c20f89298024bd4d",
        "android_client_info": {
          "package_name": "com.wellbeing.app"
        }
      },
      "oauth_client": [
        {
          "client_id": "320893840312-8c03g3noarfkgkf5rm5t2nddp6q9ej7i.apps.googleusercontent.com",
          "client_type": 3
        }
      ],
      "api_key": [
        {
          "current_key": "AIzaSyCgQOVy9f1XtHVed_eGnJUBkMGequxS9Bc"
        }
      ],
      "services": {
        "appinvite_service": {
          "other_platform_oauth_client": [
            {
              "client_id": "320893840312-8c03g3noarfkgkf5rm5t2nddp6q9ej7i.apps.googleusercontent.com",
              "client_type": 3
            },
            {
              "client_id": "320893840312-e7ojnr403hfou2a5o0ui5jt273smi27f.apps.googleusercontent.com",
              "client_type": 2,
              "ios_info": {
                "bundle_id": "com.wellbeing.app"
              }
            }
          ]
        }
      }
    }
  ],
  "configuration_version": "1"
}