{
  "project_info": {
    "project_number": "539469948033",
    "project_id": "vypari-mithra",
    "storage_bucket": "vypari-mithra.appspot.com"
  },
  "client": [
    {
      "client_info": {
        "mobilesdk_app_id": "1:539469948033:android:af59af486502d4b5015980",
        "android_client_info": {
          "package_name": "com.example.vyapari_mithra"
        }
      },
      "oauth_client": [
        {
          "client_id": "539469948033-7pf8vpbh3m9hbh6o6j3v1i7381u232s0.apps.googleusercontent.com",
          "client_type": 3
        }
      ],
      "api_key": [
        {
          "current_key": "AIzaSyATPf_LyYxlv_aPsorcssd0ahjRK5rxMsc"
        }
      ],
      "services": {
        "appinvite_service": {
          "other_platform_oauth_client": [
            {
              "client_id": "539469948033-7pf8vpbh3m9hbh6o6j3v1i7381u232s0.apps.googleusercontent.com",
              "client_type": 3
            }
          ]
        }
      }
    },
    {
      "client_info": {
        "mobilesdk_app_id": "1:539469948033:android:ef831241a5f2c6af015980",
        "android_client_info": {
          "package_name": "com.ociuz.vypariMithra"
        }
      },
      "oauth_client": [
        {
          "client_id": "539469948033-7pf8vpbh3m9hbh6o6j3v1i7381u232s0.apps.googleusercontent.com",
          "client_type": 3
        }
      ],
      "api_key": [
        {
          "current_key": "AIzaSyATPf_LyYxlv_aPsorcssd0ahjRK5rxMsc"
        }
      ],
      "services": {
        "appinvite_service": {
          "other_platform_oauth_client": [
            {
              "client_id": "539469948033-7pf8vpbh3m9hbh6o6j3v1i7381u232s0.apps.googleusercontent.com",
              "client_type": 3
            }
          ]
        }
      }
    },
    {
      "client_info": {
        "mobilesdk_app_id": "1:539469948033:android:39f1552a2a241e0f015980",
        "android_client_info": {
          "package_name": "com.vyapariMithra.vyapariMithraApp"
        }
      },
      "oauth_client": [
        {
          "client_id": "539469948033-7pf8vpbh3m9hbh6o6j3v1i7381u232s0.apps.googleusercontent.com",
          "client_type": 3
        }
      ],
      "api_key": [
        {
          "current_key": "AIzaSyATPf_LyYxlv_aPsorcssd0ahjRK5rxMsc"
        }
      ],
      "services": {
        "appinvite_service": {
          "other_platform_oauth_client": [
            {
              "client_id": "539469948033-7pf8vpbh3m9hbh6o6j3v1i7381u232s0.apps.googleusercontent.com",
              "client_type": 3
            }
          ]
        }
      }
    }
  ],
  "configuration_version": "1"
}